USE `acmecollege`;

INSERT INTO `student`(`first_name`, `last_name`, `email`, `phone`, `program`, `created`, `updated`) VALUES ('John', 'Smith', 'jsmith@algonquincollege.com', '6131112222', 'Dentistry', now(), now());
INSERT INTO `student`(`first_name`, `last_name`, `email`, `phone`, `program`, `created`, `updated`) VALUES ('Mary', 'Brown', 'mbrown@algonquincollege.com', '6138889999', 'Journalism', now(), now());

INSERT INTO `program`(`name`) VALUES ('Accounting');
INSERT INTO `program`(`name`) VALUES ('Advertising');
INSERT INTO `program`(`name`) VALUES ('Agribusiness');
INSERT INTO `program`(`name`) VALUES ('Agriculture');
INSERT INTO `program`(`name`) VALUES ('Agronomy & Plant Science');
INSERT INTO `program`(`name`) VALUES ('American Studies');
INSERT INTO `program`(`name`) VALUES ('Animal Science');
INSERT INTO `program`(`name`) VALUES ('Anthropological Science');
INSERT INTO `program`(`name`) VALUES ('Anthropology');
INSERT INTO `program`(`name`) VALUES ('Aquaculture & Fisheries');
INSERT INTO `program`(`name`) VALUES ('Architecture');
INSERT INTO `program`(`name`) VALUES ('Art History & Theory');
INSERT INTO `program`(`name`) VALUES ('Asian Studies');
INSERT INTO `program`(`name`) VALUES ('Astronomy');
INSERT INTO `program`(`name`) VALUES ('Aviation');
INSERT INTO `program`(`name`) VALUES ('Aviation Management');
INSERT INTO `program`(`name`) VALUES ('Biblical Studies');
INSERT INTO `program`(`name`) VALUES ('Biochemistry');
INSERT INTO `program`(`name`) VALUES ('Bioinformatics');
INSERT INTO `program`(`name`) VALUES ('Biology');
INSERT INTO `program`(`name`) VALUES ('Biomedical Engineering');
INSERT INTO `program`(`name`) VALUES ('Biomedical Sciences');
INSERT INTO `program`(`name`) VALUES ('Biotechnology');
INSERT INTO `program`(`name`) VALUES ('Botany');
INSERT INTO `program`(`name`) VALUES ('Chemical & Process Engineering');
INSERT INTO `program`(`name`) VALUES ('Chemistry');
INSERT INTO `program`(`name`) VALUES ('Chinese');
INSERT INTO `program`(`name`) VALUES ('Chinese Studies');
INSERT INTO `program`(`name`) VALUES ('Christian Thought & History');
INSERT INTO `program`(`name`) VALUES ('Civil Engineering');
INSERT INTO `program`(`name`) VALUES ('Classical Studies');
INSERT INTO `program`(`name`) VALUES ('Clothing & Textiles');
INSERT INTO `program`(`name`) VALUES ('Commercial Law');
INSERT INTO `program`(`name`) VALUES ('Communication & Professional Writing');
INSERT INTO `program`(`name`) VALUES ('Computer Engineering');
INSERT INTO `program`(`name`) VALUES ('Computer Science');
INSERT INTO `program`(`name`) VALUES ('Conflict Resolution');
INSERT INTO `program`(`name`) VALUES ('Construction & Project Management');
INSERT INTO `program`(`name`) VALUES ('Counselling');
INSERT INTO `program`(`name`) VALUES ('Creative Writing');
INSERT INTO `program`(`name`) VALUES ('Criminology & Justice');
INSERT INTO `program`(`name`) VALUES ('Cultural Studies');
INSERT INTO `program`(`name`) VALUES ('Dance');
INSERT INTO `program`(`name`) VALUES ('Defence Studies');
INSERT INTO `program`(`name`) VALUES ('Dental Technology');
INSERT INTO `program`(`name`) VALUES ('Dentistry');
INSERT INTO `program`(`name`) VALUES ('Design');
INSERT INTO `program`(`name`) VALUES ('Drama / Theatre Studies');
INSERT INTO `program`(`name`) VALUES ('Earth Science');
INSERT INTO `program`(`name`) VALUES ('Ecology');
INSERT INTO `program`(`name`) VALUES ('e-Commerce');
INSERT INTO `program`(`name`) VALUES ('Economics');
INSERT INTO `program`(`name`) VALUES ('Education Studies');
INSERT INTO `program`(`name`) VALUES ('Electrical Engineering');
INSERT INTO `program`(`name`) VALUES ('Electronics');
INSERT INTO `program`(`name`) VALUES ('Energy Studies & Management');
INSERT INTO `program`(`name`) VALUES ('Engineering Science');
INSERT INTO `program`(`name`) VALUES ('English');
INSERT INTO `program`(`name`) VALUES ('English as a Second Language');
INSERT INTO `program`(`name`) VALUES ('Entrepreneurship');
INSERT INTO `program`(`name`) VALUES ('Environmental & Natural Resources Engineering');
INSERT INTO `program`(`name`) VALUES ('Environmental Health');
INSERT INTO `program`(`name`) VALUES ('Environmental Science');
INSERT INTO `program`(`name`) VALUES ('Environmental Studies');
INSERT INTO `program`(`name`) VALUES ('Ethics');
INSERT INTO `program`(`name`) VALUES ('European Languages & Cultures');
INSERT INTO `program`(`name`) VALUES ('European Studies');
INSERT INTO `program`(`name`) VALUES ('Fashion Design');
INSERT INTO `program`(`name`) VALUES ('Film & Media Studies');
INSERT INTO `program`(`name`) VALUES ('Film-making');
INSERT INTO `program`(`name`) VALUES ('Finance');
INSERT INTO `program`(`name`) VALUES ('Fine Arts');
INSERT INTO `program`(`name`) VALUES ('Food Science');
INSERT INTO `program`(`name`) VALUES ('Forensic Analytical Science');
INSERT INTO `program`(`name`) VALUES ('Forestry');
INSERT INTO `program`(`name`) VALUES ('French');
INSERT INTO `program`(`name`) VALUES ('Gender Studies');
INSERT INTO `program`(`name`) VALUES ('Genetics');
INSERT INTO `program`(`name`) VALUES ('Geography');
INSERT INTO `program`(`name`) VALUES ('Geology');
INSERT INTO `program`(`name`) VALUES ('German');
INSERT INTO `program`(`name`) VALUES ('Graphic Design');
INSERT INTO `program`(`name`) VALUES ('Greek');
INSERT INTO `program`(`name`) VALUES ('Health Promotion');
INSERT INTO `program`(`name`) VALUES ('History');
INSERT INTO `program`(`name`) VALUES ('Hospitality Management');
INSERT INTO `program`(`name`) VALUES ('Human Development Studies');
INSERT INTO `program`(`name`) VALUES ('Human Nutrition');
INSERT INTO `program`(`name`) VALUES ('Human Resource Management');
INSERT INTO `program`(`name`) VALUES ('Information Science');
INSERT INTO `program`(`name`) VALUES ('International Business');
INSERT INTO `program`(`name`) VALUES ('International Relations');
INSERT INTO `program`(`name`) VALUES ('International Studies');
INSERT INTO `program`(`name`) VALUES ('Interpreting & Translating');
INSERT INTO `program`(`name`) VALUES ('Italian');
INSERT INTO `program`(`name`) VALUES ('Japanese');
INSERT INTO `program`(`name`) VALUES ('Japanese Studies');
INSERT INTO `program`(`name`) VALUES ('Journalism');
INSERT INTO `program`(`name`) VALUES ('Korean');
INSERT INTO `program`(`name`) VALUES ('Labour & Industrial Relations');
INSERT INTO `program`(`name`) VALUES ('Land Use Planning & Management');
INSERT INTO `program`(`name`) VALUES ('Latin');
INSERT INTO `program`(`name`) VALUES ('Law');
INSERT INTO `program`(`name`) VALUES ('Linguistics');
INSERT INTO `program`(`name`) VALUES ('Management');
INSERT INTO `program`(`name`) VALUES ('Māori Development');
INSERT INTO `program`(`name`) VALUES ('Māori Health');
INSERT INTO `program`(`name`) VALUES ('Māori Language');
INSERT INTO `program`(`name`) VALUES ('Māori Media Studies');
INSERT INTO `program`(`name`) VALUES ('Māori Studies');
INSERT INTO `program`(`name`) VALUES ('Māori Visual Arts');
INSERT INTO `program`(`name`) VALUES ('Marine Biology');
INSERT INTO `program`(`name`) VALUES ('Marine Science');
INSERT INTO `program`(`name`) VALUES ('Maritime Engineering');
INSERT INTO `program`(`name`) VALUES ('Marketing');
INSERT INTO `program`(`name`) VALUES ('Mathematics');
INSERT INTO `program`(`name`) VALUES ('Mechanical Engineering');
INSERT INTO `program`(`name`) VALUES ('Mechatronics');
INSERT INTO `program`(`name`) VALUES ('Medical Laboratory Science');
INSERT INTO `program`(`name`) VALUES ('Medicine');
INSERT INTO `program`(`name`) VALUES ('Microbiology');
INSERT INTO `program`(`name`) VALUES ('Midwifery');
INSERT INTO `program`(`name`) VALUES ('Music Composition');
INSERT INTO `program`(`name`) VALUES ('Music Performance');
INSERT INTO `program`(`name`) VALUES ('Music Studies');
INSERT INTO `program`(`name`) VALUES ('Nanoscience');
INSERT INTO `program`(`name`) VALUES ('Neuroscience');
INSERT INTO `program`(`name`) VALUES ('New Zealand Sign Language');
INSERT INTO `program`(`name`) VALUES ('Nursing');
INSERT INTO `program`(`name`) VALUES ('Occupational Therapy & Rehabilitation');
INSERT INTO `program`(`name`) VALUES ('Optometry');
INSERT INTO `program`(`name`) VALUES ('Oral Health');
INSERT INTO `program`(`name`) VALUES ('Pacific Island Studies');
INSERT INTO `program`(`name`) VALUES ('Paramedicine');
INSERT INTO `program`(`name`) VALUES ('Pastoral Studies');
INSERT INTO `program`(`name`) VALUES ('Pharmacology');
INSERT INTO `program`(`name`) VALUES ('Pharmacy');
INSERT INTO `program`(`name`) VALUES ('Philosophy');
INSERT INTO `program`(`name`) VALUES ('Photography');
INSERT INTO `program`(`name`) VALUES ('Physics');
INSERT INTO `program`(`name`) VALUES ('Physiology');
INSERT INTO `program`(`name`) VALUES ('Physiotherapy');
INSERT INTO `program`(`name`) VALUES ('Podiatry');
INSERT INTO `program`(`name`) VALUES ('Political Studies');
INSERT INTO `program`(`name`) VALUES ('Population & Development Studies');
INSERT INTO `program`(`name`) VALUES ('Population Health');
INSERT INTO `program`(`name`) VALUES ('Product & Industrial Design');
INSERT INTO `program`(`name`) VALUES ('Psychology');
INSERT INTO `program`(`name`) VALUES ('Public Policy');
INSERT INTO `program`(`name`) VALUES ('Public Relations');
INSERT INTO `program`(`name`) VALUES ('Quantity Surveying');
INSERT INTO `program`(`name`) VALUES ('Radiation Therapy');
INSERT INTO `program`(`name`) VALUES ('Radio, TV & Studio Production');
INSERT INTO `program`(`name`) VALUES ('Religious Studies');
INSERT INTO `program`(`name`) VALUES ('Russian');
INSERT INTO `program`(`name`) VALUES ('Samoan Studies / Fa''asamoa');
INSERT INTO `program`(`name`) VALUES ('Social Policy');
INSERT INTO `program`(`name`) VALUES ('Social Science');
INSERT INTO `program`(`name`) VALUES ('Social Work');
INSERT INTO `program`(`name`) VALUES ('Sociology');
INSERT INTO `program`(`name`) VALUES ('Spanish');
INSERT INTO `program`(`name`) VALUES ('Speech & Language Therapy');
INSERT INTO `program`(`name`) VALUES ('Sport & Exercise Science');
INSERT INTO `program`(`name`) VALUES ('Sport & Leisure Studies & Management');
INSERT INTO `program`(`name`) VALUES ('Sport Coaching');
INSERT INTO `program`(`name`) VALUES ('Statistics');
INSERT INTO `program`(`name`) VALUES ('Supply Chain Management');
INSERT INTO `program`(`name`) VALUES ('Surveying');
INSERT INTO `program`(`name`) VALUES ('Taxation');
INSERT INTO `program`(`name`) VALUES ('Teaching – Early Childhood');
INSERT INTO `program`(`name`) VALUES ('Teaching – Māori Language');
INSERT INTO `program`(`name`) VALUES ('Teaching – Physical Education');
INSERT INTO `program`(`name`) VALUES ('Teaching – Primary');
INSERT INTO `program`(`name`) VALUES ('Teaching – Secondary');
INSERT INTO `program`(`name`) VALUES ('Teaching – Technology');
INSERT INTO `program`(`name`) VALUES ('Theology');
INSERT INTO `program`(`name`) VALUES ('Tourism');
INSERT INTO `program`(`name`) VALUES ('Valuation & Property Management');
INSERT INTO `program`(`name`) VALUES ('Veterinary Science & Technology');
INSERT INTO `program`(`name`) VALUES ('Web & Digital Design');
INSERT INTO `program`(`name`) VALUES ('Zoology');

INSERT INTO `course`(`course_code`, `course_title`, `credit_units`, `online`, `created`, `updated`) VALUES ('CST8116', 'Introduction to Computer Programming', 3, 0, now(), now());
INSERT INTO `course`(`course_code`, `course_title`, `credit_units`, `online`, `created`, `updated`) VALUES ('CST8277', 'Enterprise Application Programming', 3, 1, now(), now());

INSERT INTO `professor`(`first_name`, `last_name`, `degree`, `created`, `updated`) VALUES ('Charles', 'Xavier', 'Doctor of Science', now(), now());
INSERT INTO `professor`(`first_name`, `last_name`, `degree`, `created`, `updated`) VALUES ('Professor', 'Strange', 'Doctor of Philosophy', now(), now());

INSERT INTO `degree`(`name`) VALUES ('Bachelor of Applied Science');
INSERT INTO `degree`(`name`) VALUES ('Bachelor of Arts');
INSERT INTO `degree`(`name`) VALUES ('Bachelor of Education');
INSERT INTO `degree`(`name`) VALUES ('Bachelor of Engineering');
INSERT INTO `degree`(`name`) VALUES ('Bachelor of Fine Arts');
INSERT INTO `degree`(`name`) VALUES ('Bachelor of Liberal Arts and Sciences');
INSERT INTO `degree`(`name`) VALUES ('Bachelor of Library Science');
INSERT INTO `degree`(`name`) VALUES ('Bachelor of Philosophy');
INSERT INTO `degree`(`name`) VALUES ('Bachelor of Professional Studies');
INSERT INTO `degree`(`name`) VALUES ('Bachelor of Science');
INSERT INTO `degree`(`name`) VALUES ('Bachelor of Science And Arts');
INSERT INTO `degree`(`name`) VALUES ('Bachelor of Technology');
INSERT INTO `degree`(`name`) VALUES ('Master of Arts');
INSERT INTO `degree`(`name`) VALUES ('Master of Education');
INSERT INTO `degree`(`name`) VALUES ('Master of Engineering');
INSERT INTO `degree`(`name`) VALUES ('Master of Fine Arts');
INSERT INTO `degree`(`name`) VALUES ('Master of Library Science');
INSERT INTO `degree`(`name`) VALUES ('Master of Liberal Arts');
INSERT INTO `degree`(`name`) VALUES ('Master of Library and Information Science');
INSERT INTO `degree`(`name`) VALUES ('Master of Professional Studies');
INSERT INTO `degree`(`name`) VALUES ('Master of Science');
INSERT INTO `degree`(`name`) VALUES ('Master of Technology');
INSERT INTO `degree`(`name`) VALUES ('Doctor of Education');
INSERT INTO `degree`(`name`) VALUES ('Doctor of Engineering');
INSERT INTO `degree`(`name`) VALUES ('Doctor of Jurisprudence (Juris Doctor)');
INSERT INTO `degree`(`name`) VALUES ('Doctor of Medicine');
INSERT INTO `degree`(`name`) VALUES ('Doctor of Philosophy');
INSERT INTO `degree`(`name`) VALUES ('Doctor of Science');

INSERT INTO `student_club`(`name`, `description`, `academic`, `created`, `updated`) VALUES ('AI Club', 'This is for those who are interested in Artificial Intelligence.', true, now(), now());
INSERT INTO `student_club`(`name`, `description`, `academic`, `created`, `updated`) VALUES ('Tennis Club', 'This is for tennis lover out there.', false, now(), now());

INSERT INTO `semester`(`name`) VALUES ('FALL');
INSERT INTO `semester`(`name`) VALUES ('WINTER');
INSERT INTO `semester`(`name`) VALUES ('SPRING');

INSERT INTO `letter_grade`(`grade`) VALUES ('A+');
INSERT INTO `letter_grade`(`grade`) VALUES ('A');
INSERT INTO `letter_grade`(`grade`) VALUES ('A-');
INSERT INTO `letter_grade`(`grade`) VALUES ('B+');
INSERT INTO `letter_grade`(`grade`) VALUES ('B');
INSERT INTO `letter_grade`(`grade`) VALUES ('B-');
INSERT INTO `letter_grade`(`grade`) VALUES ('C+');
INSERT INTO `letter_grade`(`grade`) VALUES ('C');
INSERT INTO `letter_grade`(`grade`) VALUES ('C-');
INSERT INTO `letter_grade`(`grade`) VALUES ('D+');
INSERT INTO `letter_grade`(`grade`) VALUES ('D');
INSERT INTO `letter_grade`(`grade`) VALUES ('D-');
INSERT INTO `letter_grade`(`grade`) VALUES ('F');
INSERT INTO `letter_grade`(`grade`) VALUES ('FSP');

-- data for table `security_role`
INSERT INTO `security_role` (`role_id`, `name`)
  VALUES (1, 'ADMIN_ROLE'), (2, 'USER_ROLE');

-- data for table `security_user`
-- value for `password_hash` column computed by PBKDF2HashGenerator
--   user 'admin', password 'admin'
--   user 'cst8277', password '8277'
INSERT INTO `security_user` (`user_id`, `password_hash`, `username`, `student_id`)
  VALUES (1, 'PBKDF2WithHmacSHA256:2048:hYKwYbuwalL2mbXT3Lx8QgJuTWT8GgZcGljMPEW+TZA=:6GmiBW47QsKVgqF7wzt/wjQAMDd0RVMok3M8WPu8Y1U=', 'admin', null),
         (2, 'PBKDF2WithHmacSHA256:2048:ZJC4ipE7LQOZzOQyd2ch7VOxHJWwrVfDFTbo9H+U5Fw=:j5Wulo/tVmolv8hqu0k5ejTOPEMbzviQXStg/0/c6Qo=', 'cst8277', 1);

--  data for table `user_has_role`
INSERT INTO `user_has_role` (`user_id`, `role_id`)
  VALUES (1, 1), (2, 2);
